die,block,structure,material,alias,pin_config,pol,force_current,meanV,meanI,hit_comp,block_row,block_column
3,1,LW300,Ag,LW300,LW300,P,0.001,0.0008934470844402199,0.001,False,1,1
3,1,LW300,Ag,LW300,LW300,P,0.0005,0.00044626974249119305,0.00050002,False,1,1
3,1,LW300,Ag,LW300,LW300,N,0.001,0.0008937015653254796,0.00100002,False,1,1
3,1,LW300,Ag,LW300,LW300,N,0.0005,0.00044645949991430577,0.0004999900000000001,False,1,1
3,2,LW300,Ag,LW300,LW300,P,0.001,0.975596907770854,0.00013893,True,1,2
3,2,LW300,Ag,LW300,LW300,P,0.0005,0.9755992760611735,0.0001389,True,1,2
3,2,LW300,Ag,LW300,LW300,N,0.001,0.9755992687062346,0.00013885999999999998,True,1,2
3,2,LW300,Ag,LW300,LW300,N,0.0005,0.9756008308952528,0.00013891,True,1,2
3,3,LW300,Ag,LW300,LW300,P,0.001,0.00324623466373723,0.00100001,False,1,3
3,3,LW300,Ag,LW300,LW300,P,0.0005,0.0029167348728858424,0.0005,False,1,3
3,3,LW300,Ag,LW300,LW300,N,0.001,0.003497267553649838,0.00100004,False,1,3
3,3,LW300,Ag,LW300,LW300,N,0.0005,0.00188507818996963,0.0005,False,1,3
